STT,Mã học phần,Tên học phần,Số tín chỉ (Credits)
# ============================================================
# 8.1 Khối kiến thức giáo dục đại cương và các học phần thuộc kiến thức cơ sở ngành
# (Từ học kỳ 1 đến học kỳ 6)
# ============================================================
# --- Học kỳ 1 ---
1,CSC00004,"Nhập môn Công nghệ thông tin (Introduction to Information Technology)",4
2,CSC10012,"Cơ sở lập trình (Programming Fundamentals)",4
3,MTH00009,"Toán rời rạc (Discrete Mathematics)",4
4,CSC10121,"Kỹ năng mềm (Soft Skills)",3
# --- Học kỳ 2 ---
1,CSC10004,"Cấu trúc dữ liệu và giải thuật (Data Structures and Algorithms)",4
2,MTH00058,"Toán học tổ hợp (Combinatorics)",4
3,PHY00005,"Vật lý đại cương 1 (General Physics 1)",4
4,BAA00004,"Pháp luật đại cương (General Law)",3
# --- Học kỳ 3 ---
1,CSC10003,"Phương pháp lập trình hướng đối tượng (Object-Oriented Programming Methodology)",4
2,CSC10009,"Hệ thống máy tính (Computer Systems)",2
3,MTH00005,"Vi tích phân 1 (Calculus 1)",4
4,MTH00008,"Đại số tuyến tính (Linear Algebra)",4
# --- Học kỳ 4 ---
1,CSC10014,"Tư duy tính toán (Computational Thinking)",4
2,CSC10008,"Mạng máy tính (Computer Networks)",4
3,MTH00006,"Vi tích phân 2 (Calculus 2)",4
4,BAA00005,"Kinh tế đại cương (General Economics)",2
5,BAA00021,"Thể dục 1 (Physical Education 1)",2
6,BAA00030,"Giáo dục quốc phòng (National Defense Education)",4
# --- Học kỳ 5 ---
1,CSC10006,"Cơ sở dữ liệu (Databases)",4
2,CSC10007,"Hệ điều hành (Operating Systems)",4
3,MTH00007,"Xác suất thống kê (Probability and Statistics)",4
4,BAA00022,"Thể dục 2 (Physical Education 2)",2
# --- Học kỳ 6 ---
1,PHY00007,"Vật lý cho Công nghệ thông tin (Physics for Information Technology)",4
2,CSC14003,"Cơ sở trí tuệ nhân tạo (Fundamentals of Artificial Intelligence)",4
3,MTH00057,"Toán ứng dụng và thống kê cho Công nghệ thông tin (Applied Mathematics and Statistics for IT)",4
4,BAA00003,"Tư tưởng Hồ Chí Minh (Ho Chi Minh Ideology)",2

# ============================================================
# 8.2 Từ học kỳ 7 đến học kỳ 12 — Kiến thức chuyên ngành và tốt nghiệp
# ============================================================

# >>> CHUYÊN NGÀNH: Mạng máy tính và Viễn thông (Computer Networks and Telecommunications)
# --- Học kỳ 7 ---
1,CSC13002,"Nhập môn công nghệ phần mềm (Introduction to Software Engineering)",4
2,CSC11004,"Mạng máy tính nâng cao (Advanced Computer Networks)",4
3,CSC15005,"Nhập môn mã hóa – mật mã (Introduction to Cryptography)",4
4,CSC14005,"Nhập môn học máy (Introduction to Machine Learning)",4
5,BAA00101,"Triết học Mác - Lênin (Marxist-Leninist Philosophy)",3
# --- Học kỳ 8 ---
1,CSC11003,"Lập trình mạng (Network Programming)",4
2,CSC15002,"Bảo mật cơ sở dữ liệu (Database Security)",4
3,CSC11006,"Nhập môn điện toán đám mây (Introduction to Cloud Computing)",4
4,CSC11007,"Nhập môn DevOps (Introduction to DevOps)",4
5,CSC15003,"Mã hóa ứng dụng (Applied Cryptography)",4
6,CSC11115,"An ninh mạng (Network Security)",4
7,CSC11120,"Bảo mật web và thiết bị di động (Web and Mobile Device Security)",4
8,BAA00102,"Kinh tế chính trị Mác - Lênin (Marxist-Leninist Political Economy)",2
# --- Học kỳ 9 ---
1,CSC10103,"Khởi nghiệp (Entrepreneurship)",3
2,CSC10107,"Thực tập thực tế (Practical Internship)",4
3,CSC15001,"An ninh máy tính (Computer Security)",4
4,CSC11002,"Hệ thống viễn thông (Telecommunication Systems)",4
5,CSC11116,"DevOps nâng cao (Advanced DevOps)",4
6,CSC11118,"Triển khai và vận hành điện toán đám mây (Cloud Computing Deployment and Operations)",4
# --- Học kỳ 10 ---
1,CSC10204,"Thực tập dự án tốt nghiệp (Graduation Project Internship)",6
2,CSC10251,"Khóa luận tốt nghiệp (Graduation Thesis)",10
3,CSC10252,"Thực tập tốt nghiệp (Graduation Internship)",10
4,CSC11112,"Chuyên đề Hệ thống phân tán (Topics in Distributed Systems)",4
5,CSC15010,"Blockchain và ứng dụng (Blockchain and Applications)",4
6,CSC11117,"Hệ điều hành Linux và ứng dụng (Linux Operating Systems and Applications)",4
7,BAA00103,"Chủ nghĩa xã hội khoa học (Scientific Socialism)",2
# --- Học kỳ 11 ---
1,CSC10251,"Khóa luận tốt nghiệp (Graduation Thesis)",10
2,CSC10252,"Thực tập tốt nghiệp (Graduation Internship)",10
3,CSC10204,"Thực tập dự án tốt nghiệp (Graduation Project Internship)",6
4,CSC11119,"Chuyên đề phân tích mạng (Topics in Network Analysis)",4
5,CSC11106,"Truyền thông không dây (Wireless Communications)",4
6,BAA00104,"Lịch sử Đảng Cộng sản Việt Nam (History of the Communist Party of Vietnam)",2
# --- Học kỳ 12 ---
1,CSC10251,"Khóa luận tốt nghiệp (Graduation Thesis)",10
2,CSC10252,"Thực tập tốt nghiệp (Graduation Internship)",10
3,CSC10204,"Thực tập dự án tốt nghiệp (Graduation Project Internship)",6
4,CSC11111,"Chuyên đề tốt nghiệp Mạng máy tính (Graduation Topics in Computer Networks)",4
5,CSC15010,"Blockchain và ứng dụng (Blockchain and Applications)",4

# >>> CHUYÊN NGÀNH: Hệ thống thông tin (Information Systems)
# --- Học kỳ 7 ---
1,CSC13002,"Nhập môn công nghệ phần mềm (Introduction to Software Engineering)",4
2,CSC12002,"Cơ sở dữ liệu nâng cao (Advanced Databases)",4
3,CSC12003,"Hệ quản trị cơ sở dữ liệu (Database Management Systems)",4
4,BAA00101,"Triết học Mác - Lênin (Marxist-Leninist Philosophy)",3
# --- Học kỳ 8 ---
1,CSC12001,"An toàn và bảo mật dữ liệu trong hệ thống thông tin (Data Security and Privacy in Information Systems)",4
2,CSC12004,"Phân tích thiết kế hệ thống thông tin (Information Systems Analysis and Design)",4
3,BAA00102,"Kinh tế chính trị Mác - Lênin (Marxist-Leninist Political Economy)",2
# --- Học kỳ 9 ---
1,CSC10103,"Khởi nghiệp (Entrepreneurship)",3
2,CSC10107,"Thực tập thực tế (Practical Internship)",4
3,CSC12105,"Thương mại điện tử (E-commerce)",4
4,CSC12106,"Tương tác người – máy (Human-Computer Interaction)",4
# --- Học kỳ 10 ---
1,CSC10204,"Thực tập dự án tốt nghiệp (Graduation Project Internship)",6
2,CSC10251,"Khóa luận tốt nghiệp (Graduation Thesis)",10
3,CSC10252,"Thực tập tốt nghiệp (Graduation Internship)",10
4,CSC12107,"Hệ thống thông tin phục vụ trí tuệ kinh doanh (Information Systems for Business Intelligence)",4
5,CSC12005,"Phát triển ứng dụng hệ thống thông tin hiện đại (Modern Information System Application Development)",4
6,CSC17106,"Xử lý phân tích dữ liệu trực tuyến (Online Analytical Data Processing)",4
7,BAA00103,"Chủ nghĩa xã hội khoa học (Scientific Socialism)",2
# --- Học kỳ 11 ---
1,CSC10204,"Thực tập dự án tốt nghiệp (Graduation Project Internship)",6
2,CSC10251,"Khóa luận tốt nghiệp (Graduation Thesis)",10
3,CSC10252,"Thực tập tốt nghiệp (Graduation Internship)",10
4,CSC12111,"Quản trị cơ sở dữ liệu hiện đại (Modern Database Administration)",4
5,BAA00104,"Lịch sử Đảng Cộng sản Việt Nam (History of the Communist Party of Vietnam)",2
# --- Học kỳ 12 ---
1,CSC10204,"Thực tập dự án tốt nghiệp (Graduation Project Internship)",6
2,CSC10251,"Khóa luận tốt nghiệp (Graduation Thesis)",10
3,CSC10252,"Thực tập tốt nghiệp (Graduation Internship)",10
4,CSC12108,"Ứng dụng phân tán (Distributed Applications)",4
5,CSC17101,"Hệ thống tư vấn (Recommender Systems)",4

# >>> CHUYÊN NGÀNH: Kỹ thuật phần mềm (Software Engineering)
# --- Học kỳ 7 ---
1,CSC13002,"Nhập môn công nghệ phần mềm (Introduction to Software Engineering)",4
2,CSC13008,"Phát triển ứng dụng web (Web Application Development)",4
3,CSC13102,"Lập trình ứng dụng Java (Java Application Programming)",4
4,BAA00101,"Triết học Mác - Lênin (Marxist-Leninist Philosophy)",3
# --- Học kỳ 8 ---
1,CSC13005,"Phân tích và quản lý yêu cầu phần mềm (Software Requirements Analysis and Management)",4
2,CSC13009,"Phát triển phần mềm cho thiết bị di động (Mobile Software Development)",4
3,CSC13001,"Lập trình Windows (Windows Programming)",4
4,CSC13010,"Thiết kế phần mềm (Software Design)",4
5,BAA00102,"Kinh tế chính trị Mác - Lênin (Marxist-Leninist Political Economy)",2
# --- Học kỳ 9 ---
1,CSC10103,"Khởi nghiệp (Entrepreneurship)",3
2,CSC10107,"Thực tập thực tế (Practical Internship)",4
3,CSC13003,"Kiểm thử phần mềm (Software Testing)",4
4,CSC13006,"Quản lý dự án phần mềm (Software Project Management)",4
5,CSC13106,"Kiến trúc phần mềm (Software Architecture)",4
6,CSC13112,"Thiết kế giao diện (Interface Design)",4
# --- Học kỳ 10 ---
1,CSC10204,"Thực tập dự án tốt nghiệp (Graduation Project Internship)",6
2,CSC10251,"Khóa luận tốt nghiệp (Graduation Thesis)",10
3,CSC10252,"Thực tập tốt nghiệp (Graduation Internship)",10
4,CSC13114,"Phát triển ứng dụng web nâng cao (Advanced Web Application Development)",4
5,CSC13007,"Phát triển game (Game Development)",4
6,CSC13103,"Nhập môn hệ thống phân tán (Introduction to Distributed Systems)",4
7,CSC13107,"Mẫu thiết kế hướng đối tượng và ứng dụng (Object-Oriented Design Patterns and Applications)",4
8,BAA00103,"Chủ nghĩa xã hội khoa học (Scientific Socialism)",2
# --- Học kỳ 11 ---
1,CSC10204,"Thực tập dự án tốt nghiệp (Graduation Project Internship)",6
2,CSC10251,"Khóa luận tốt nghiệp (Graduation Thesis)",10
3,CSC10252,"Thực tập tốt nghiệp (Graduation Internship)",10
4,CSC13116,"Đồ án Công nghệ phần mềm (Software Engineering Project)",4
5,CSC13118,"Phát triển ứng dụng cho thiết bị di động nâng cao (Advanced Mobile Application Development)",4
6,CSC13101,"Các chủ đề nâng cao trong Công nghệ phần mềm (Advanced Topics in Software Engineering)",4
7,BAA00104,"Lịch sử Đảng Cộng sản Việt Nam (History of the Communist Party of Vietnam)",2
# --- Học kỳ 12 ---
1,CSC10204,"Thực tập dự án tốt nghiệp (Graduation Project Internship)",6
2,CSC10251,"Khóa luận tốt nghiệp (Graduation Thesis)",10
3,CSC10252,"Thực tập tốt nghiệp (Graduation Internship)",10
4,CSC13115,"Các công nghệ mới trong phát triển phần mềm (Emerging Technologies in Software Development)",4

# >>> CHUYÊN NGÀNH: Khoa học máy tính (Computer Science)
# --- Học kỳ 7 ---
1,CSC13002,"Nhập môn công nghệ phần mềm (Introduction to Software Engineering)",4
2,CSC14004,"Khai thác dữ liệu và ứng dụng (Data Mining and Applications)",4
3,CSC14005,"Nhập môn học máy (Introduction to Machine Learning)",4
4,BAA00101,"Triết học Mác - Lênin (Marxist-Leninist Philosophy)",3
# --- Học kỳ 8 ---
1,CSC10108,"Trực quan hóa dữ liệu (Data Visualization)",4
2,CSC14006,"Nhận dạng (Pattern Recognition)",4
3,CSC14008,"Phương pháp nghiên cứu khoa học (Scientific Research Methods)",4
4,CSC14118,"Nhập môn dữ liệu lớn (Introduction to Big Data)",4
5,CSC16005,"Xử lý ảnh số và video số (Digital Image and Video Processing)",4
6,BAA00102,"Kinh tế chính trị Mác - Lênin (Marxist-Leninist Political Economy)",2
# --- Học kỳ 9 ---
1,CSC10103,"Khởi nghiệp (Entrepreneurship)",3
2,CSC10107,"Thực tập thực tế (Practical Internship)",4
3,CSC14001,"Automata và ngôn ngữ hình thức (Automata and Formal Languages)",4
4,CSC14118,"Nhập môn dữ liệu lớn (Introduction to Big Data)",4
5,CSC14111,"Nhập môn thiết kế và phân tích giải thuật (Introduction to Algorithm Design and Analysis)",4
# --- Học kỳ 10 ---
1,CSC10204,"Thực tập dự án tốt nghiệp (Graduation Project Internship)",6
2,CSC10251,"Khóa luận tốt nghiệp (Graduation Thesis)",10
3,CSC10252,"Thực tập tốt nghiệp (Graduation Internship)",10
4,CSC14002,"Các hệ cơ sở tri thức (Knowledge-Based Systems)",4
5,CSC14120,"Lập trình song song (Parallel Programming)",4
6,CSC14112,"Sinh trắc học (Biometrics)",4
7,CSC14117,"Nhập môn lập trình kết nối vạn vật (Introduction to IoT Programming)",4
8,CSC17001,"Phân tích dữ liệu thông minh (Intelligent Data Analysis)",4
9,BAA00103,"Chủ nghĩa xã hội khoa học (Scientific Socialism)",2
# --- Học kỳ 11 ---
1,CSC10204,"Thực tập dự án tốt nghiệp (Graduation Project Internship)",6
2,CSC10251,"Khóa luận tốt nghiệp (Graduation Thesis)",10
3,CSC10252,"Thực tập tốt nghiệp (Graduation Internship)",10
4,CSC14114,"Ứng dụng dữ liệu lớn (Big Data Applications)",4
5,CSC14101,"Ẩn dữ liệu và chia sẻ thông tin (Data Hiding and Information Sharing)",4
6,CSC17103,"Khai thác dữ liệu đồ thị (Graph Data Mining)",4
7,BAA00104,"Lịch sử Đảng Cộng sản Việt Nam (History of the Communist Party of Vietnam)",2
# --- Học kỳ 12 ---
1,CSC10204,"Thực tập dự án tốt nghiệp (Graduation Project Internship)",6
2,CSC10251,"Khóa luận tốt nghiệp (Graduation Thesis)",10
3,CSC10252,"Thực tập tốt nghiệp (Graduation Internship)",10
4,CSC14115,"Khoa học dữ liệu ứng dụng (Applied Data Science)",4
5,CSC14116,"Lập trình song song ứng dụng (Applied Parallel Programming)",4

# >>> CHUYÊN NGÀNH: Công nghệ tri thức (Knowledge Technology)
# --- Học kỳ 7 ---
1,CSC13002,"Nhập môn công nghệ phần mềm (Introduction to Software Engineering)",4
2,CSC15005,"Nhập môn mã hóa – mật mã (Introduction to Cryptography)",4
3,CSC15006,"Nhập môn xử lý ngôn ngữ tự nhiên (Introduction to Natural Language Processing)",4
4,CSC15109,"Nhập môn tính toán lượng tử (Introduction to Quantum Computing)",4
5,BAA00101,"Triết học Mác - Lênin (Marxist-Leninist Philosophy)",3
# --- Học kỳ 8 ---
1,CSC15002,"Bảo mật cơ sở dữ liệu (Database Security)",4
2,CSC15003,"Mã hóa ứng dụng (Applied Cryptography)",4
3,CSC15007,"Thống kê máy tính và ứng dụng (Computer Statistics and Applications)",4
4,CSC15012,"Ứng dụng xử lý ngôn ngữ tự nhiên trong doanh nghiệp (NLP Applications in Business)",4
5,CSC15108,"Pháp chứng cho dữ liệu số (Digital Forensics)",4
6,CSC15105,"Khai thác dữ liệu văn bản và ứng dụng (Text Mining and Applications)",4
7,BAA00102,"Kinh tế chính trị Mác - Lênin (Marxist-Leninist Political Economy)",2
# --- Học kỳ 9 ---
1,CSC10103,"Khởi nghiệp (Entrepreneurship)",3
2,CSC10107,"Thực tập thực tế (Practical Internship)",4
3,CSC15004,"Học thống kê (Statistical Learning)",4
4,CSC15001,"An ninh máy tính (Computer Security)",4
5,CSC16106,"Nhập môn lập trình điều khiển thiết bị thông minh (Introduction to Smart Device Control Programming)",4
# --- Học kỳ 10 ---
1,CSC10204,"Thực tập dự án tốt nghiệp (Graduation Project Internship)",6
2,CSC10251,"Khóa luận tốt nghiệp (Graduation Thesis)",10
3,CSC10252,"Thực tập tốt nghiệp (Graduation Internship)",10
4,CSC15104,"An toàn và phục hồi dữ liệu (Data Safety and Recovery)",4
5,CSC15106,"Seminar Công nghệ tri thức (Knowledge Technology Seminar)",4
6,CSC14120,"Lập trình song song (Parallel Programming)",4
7,BAA00103,"Chủ nghĩa xã hội khoa học (Scientific Socialism)",2
# --- Học kỳ 11 ---
1,CSC10204,"Thực tập dự án tốt nghiệp (Graduation Project Internship)",6
2,CSC10251,"Khóa luận tốt nghiệp (Graduation Thesis)",10
3,CSC10252,"Thực tập tốt nghiệp (Graduation Internship)",10
4,CSC15201,"Đồ án Mã hóa ứng dụng và an ninh thông tin (Project in Applied Cryptography and Information Security)",4
5,CSC15202,"Đồ án tốt nghiệp hướng ứng dụng xử lý ngôn ngữ tự nhiên (Graduation Project in Applied NLP)",4
6,BAA00104,"Lịch sử Đảng Cộng sản Việt Nam (History of the Communist Party of Vietnam)",2
# --- Học kỳ 12 ---
1,CSC10204,"Thực tập dự án tốt nghiệp (Graduation Project Internship)",6
2,CSC10251,"Khóa luận tốt nghiệp (Graduation Thesis)",10
3,CSC10252,"Thực tập tốt nghiệp (Graduation Internship)",10
4,CSC15010,"Blockchain và ứng dụng (Blockchain and Applications)",4

# >>> CHUYÊN NGÀNH: Thị giác máy tính (Computer Vision)
# --- Học kỳ 7 ---
1,CSC13002,"Nhập môn công nghệ phần mềm (Introduction to Software Engineering)",4
2,CSC16005,"Xử lý ảnh số và video số (Digital Image and Video Processing)",4
3,BAA00101,"Triết học Mác - Lênin (Marxist-Leninist Philosophy)",3
# --- Học kỳ 8 ---
1,CSC16003,"Phân tích thống kê dữ liệu nhiều biến (Multivariate Statistical Data Analysis)",4
2,CSC16004,"Thị giác máy tính (Computer Vision)",4
3,CSC16101,"Đồ họa ứng dụng (Applied Computer Graphics)",4
4,CSC16109,"Ứng dụng xử lý ảnh số và video số (Digital Image and Video Processing Applications)",4
5,BAA00102,"Kinh tế chính trị Mác - Lênin (Marxist-Leninist Political Economy)",2
# --- Học kỳ 9 ---
1,CSC10103,"Khởi nghiệp (Entrepreneurship)",3
2,CSC10107,"Thực tập thực tế (Practical Internship)",4
3,CSC16105,"Truy vấn thông tin thị giác (Visual Information Retrieval)",4
4,CSC16106,"Nhập môn lập trình điều khiển thiết bị thông minh (Introduction to Smart Device Control Programming)",4
# --- Học kỳ 10 ---
1,CSC10204,"Thực tập dự án tốt nghiệp (Graduation Project Internship)",6
2,CSC10251,"Khóa luận tốt nghiệp (Graduation Thesis)",10
3,CSC10252,"Thực tập tốt nghiệp (Graduation Internship)",10
4,CSC16110,"Chuyên đề Đồ họa máy tính (Topics in Computer Graphics)",4
5,CSC16002,"Phương pháp toán trong phân tích dữ liệu thị giác (Mathematical Methods in Visual Data Analysis)",4
6,CSC16102,"Kỹ thuật lập trình xử lý ảnh số và video số (Programming Techniques for Digital Image and Video Processing)",4
7,CSC16114,"Học sâu trong thị giác máy tính (Deep Learning in Computer Vision)",4
8,BAA00103,"Chủ nghĩa xã hội khoa học (Scientific Socialism)",2
# --- Học kỳ 11 ---
1,CSC10204,"Thực tập dự án tốt nghiệp (Graduation Project Internship)",6
2,CSC10251,"Khóa luận tốt nghiệp (Graduation Thesis)",10
3,CSC10252,"Thực tập tốt nghiệp (Graduation Internship)",10
4,CSC16111,"Chuyên đề Thị giác máy tính (Topics in Computer Vision)",4
5,CSC16113,"Thị giác máy tính ba chiều (3D Computer Vision)",4
6,BAA00104,"Lịch sử Đảng Cộng sản Việt Nam (History of the Communist Party of Vietnam)",2
# --- Học kỳ 12 ---
1,CSC10204,"Thực tập dự án tốt nghiệp (Graduation Project Internship)",6
2,CSC10251,"Khóa luận tốt nghiệp (Graduation Thesis)",10
3,CSC10252,"Thực tập tốt nghiệp (Graduation Internship)",10
4,CSC16112,"Chuyên đề Xử lý ảnh số và video số (Topics in Digital Image and Video Processing)",4

# >>> CHUYÊN NGÀNH: An toàn thông tin (Information Security)
# --- Học kỳ 7 ---
1,CSC13002,"Nhập môn công nghệ phần mềm (Introduction to Software Engineering)",4
2,CSC15005,"Nhập môn mã hóa – mật mã (Introduction to Cryptography)",4
3,CSC11004,"Mạng máy tính nâng cao (Advanced Computer Networks)",4
4,CSC14007,"Nhập môn phân tích độ phức tạp thuật toán (Introduction to Algorithm Complexity Analysis)",4
5,CSC15109,"Nhập môn tính toán lượng tử (Introduction to Quantum Computing)",4
6,BAA00101,"Triết học Mác - Lênin (Marxist-Leninist Philosophy)",3
# --- Học kỳ 8 ---
1,CSC15002,"Bảo mật cơ sở dữ liệu (Database Security)",4
2,CSC15003,"Mã hóa ứng dụng (Applied Cryptography)",4
3,CSC12001,"An toàn và bảo mật dữ liệu trong hệ thống thông tin (Data Security and Privacy in Information Systems)",4
4,CSC14005,"Nhập môn học máy (Introduction to Machine Learning)",4
5,CSC15004,"Học thống kê (Statistical Learning)",4
6,BAA00102,"Kinh tế chính trị Mác - Lênin (Marxist-Leninist Political Economy)",2
# --- Học kỳ 9 ---
1,CSC10103,"Khởi nghiệp (Entrepreneurship)",3
2,CSC10107,"Thực tập thực tế (Practical Internship)",4
3,CSC16106,"Nhập môn lập trình điều khiển thiết bị thông minh (Introduction to Smart Device Control Programming)",4
# --- Học kỳ 10 ---
1,CSC10204,"Thực tập dự án tốt nghiệp (Graduation Project Internship)",6
2,CSC10251,"Khóa luận tốt nghiệp (Graduation Thesis)",10
3,CSC10252,"Thực tập tốt nghiệp (Graduation Internship)",10
4,CSC15107,"Phân tích dữ liệu bảo toàn tính riêng tư (Privacy-Preserving Data Analysis)",4
5,CSC14120,"Lập trình song song (Parallel Programming)",4
6,CSC14117,"Nhập môn lập trình kết nối vạn vật (Introduction to IoT Programming)",4
7,BAA00103,"Chủ nghĩa xã hội khoa học (Scientific Socialism)",2
# --- Học kỳ 11 ---
1,CSC10204,"Thực tập dự án tốt nghiệp (Graduation Project Internship)",6
2,CSC10251,"Khóa luận tốt nghiệp (Graduation Thesis)",10
3,CSC10252,"Thực tập tốt nghiệp (Graduation Internship)",10
4,CSC15104,"An toàn và phục hồi dữ liệu (Data Safety and Recovery)",4
5,CSC15010,"Blockchain và ứng dụng (Blockchain and Applications)",4
6,BAA00104,"Lịch sử Đảng Cộng sản Việt Nam (History of the Communist Party of Vietnam)",2
# --- Học kỳ 12 ---
1,CSC10204,"Thực tập dự án tốt nghiệp (Graduation Project Internship)",6
2,CSC10251,"Khóa luận tốt nghiệp (Graduation Thesis)",10
3,CSC10252,"Thực tập tốt nghiệp (Graduation Internship)",10
4,CSC15201,"Đồ án Mã hóa ứng dụng và an ninh thông tin (Project in Applied Cryptography and Information Security)",4

# >>> CHUYÊN NGÀNH: Khoa học dữ liệu (Data Science)
# --- Học kỳ 7 ---
1,CSC13002,"Nhập môn công nghệ phần mềm (Introduction to Software Engineering)",4
2,CSC14119,"Nhập môn khoa học dữ liệu (Introduction to Data Science)",4
3,CSC17104,"Lập trình cho khoa học dữ liệu (Programming for Data Science)",4
4,BAA00101,"Triết học Mác - Lênin (Marxist-Leninist Philosophy)",3
# --- Học kỳ 8 ---
1,CSC10108,"Trực quan hóa dữ liệu (Data Visualization)",4
2,CSC14005,"Nhập môn học máy (Introduction to Machine Learning)",4
3,CSC15007,"Thống kê máy tính và ứng dụng (Computer Statistics and Applications)",4
4,CSC14004,"Khai thác dữ liệu và ứng dụng (Data Mining and Applications)",4
# --- Học kỳ 9 ---
1,CSC10103,"Khởi nghiệp (Entrepreneurship)",3
2,CSC10107,"Thực tập thực tế (Practical Internship)",4
3,CSC14118,"Nhập môn dữ liệu lớn (Introduction to Big Data)",4
4,CSC17103,"Khai thác dữ liệu đồ thị (Graph Data Mining)",4
5,CSC15004,"Học thống kê (Statistical Learning)",4
# --- Học kỳ 10 ---
1,CSC10204,"Thực tập dự án tốt nghiệp (Graduation Project Internship)",6
2,CSC10251,"Khóa luận tốt nghiệp (Graduation Thesis)",10
3,CSC10252,"Thực tập tốt nghiệp (Graduation Internship)",10
4,CSC17001,"Phân tích dữ liệu thông minh (Intelligent Data Analysis)",4
5,CSC14117,"Nhập môn lập trình kết nối vạn vật (Introduction to IoT Programming)",4
6,CSC14120,"Lập trình song song (Parallel Programming)",4
7,BAA00103,"Chủ nghĩa xã hội khoa học (Scientific Socialism)",2
# --- Học kỳ 11 ---
1,CSC10204,"Thực tập dự án tốt nghiệp (Graduation Project Internship)",6
2,CSC10251,"Khóa luận tốt nghiệp (Graduation Thesis)",10
3,CSC10252,"Thực tập tốt nghiệp (Graduation Internship)",10
4,CSC17107,"Ứng dụng phân tích dữ liệu thông minh (Intelligent Data Analysis Applications)",4
5,BAA00104,"Lịch sử Đảng Cộng sản Việt Nam (History of the Communist Party of Vietnam)",2
# --- Học kỳ 12 ---
1,CSC10204,"Thực tập dự án tốt nghiệp (Graduation Project Internship)",6
2,CSC10251,"Khóa luận tốt nghiệp (Graduation Thesis)",10
3,CSC10252,"Thực tập tốt nghiệp (Graduation Internship)",10
4,CSC14116,"Lập trình song song ứng dụng (Applied Parallel Programming)",4

# >>> CHUYÊN NGÀNH: Công nghệ thông tin (Information Technology)
# NOTE: CNTT track lists many cross-domain electives; semester grouping follows document order.
# --- Học kỳ 7 ---
1,CSC13002,"Nhập môn công nghệ phần mềm (Introduction to Software Engineering)",4
2,CSC11004,"Mạng máy tính nâng cao (Advanced Computer Networks)",4
3,CSC12002,"Cơ sở dữ liệu nâng cao (Advanced Databases)",4
4,CSC13008,"Phát triển ứng dụng web (Web Application Development)",4
5,CSC14004,"Khai thác dữ liệu và ứng dụng (Data Mining and Applications)",4
6,CSC14005,"Nhập môn học máy (Introduction to Machine Learning)",4
7,CSC15005,"Nhập môn mã hóa – mật mã (Introduction to Cryptography)",4
8,CSC15006,"Nhập môn xử lý ngôn ngữ tự nhiên (Introduction to Natural Language Processing)",4
9,CSC14119,"Nhập môn khoa học dữ liệu (Introduction to Data Science)",4
10,CSC17104,"Lập trình cho khoa học dữ liệu (Programming for Data Science)",4
11,BAA00101,"Triết học Mác - Lênin (Marxist-Leninist Philosophy)",3
# --- Học kỳ 8 ---
1,CSC11006,"Nhập môn điện toán đám mây (Introduction to Cloud Computing)",4
2,CSC11007,"Nhập môn DevOps (Introduction to DevOps)",4
3,CSC12001,"An toàn và bảo mật dữ liệu trong hệ thống thông tin (Data Security and Privacy in Information Systems)",4
4,CSC12004,"Phân tích thiết kế hệ thống thông tin (Information Systems Analysis and Design)",4
5,CSC13010,"Thiết kế phần mềm (Software Design)",4
6,CSC14118,"Nhập môn dữ liệu lớn (Introduction to Big Data)",4
7,CSC15002,"Bảo mật cơ sở dữ liệu (Database Security)",4
8,CSC15003,"Mã hóa ứng dụng (Applied Cryptography)",4
9,CSC15007,"Thống kê máy tính và ứng dụng (Computer Statistics and Applications)",4
10,CSC16003,"Phân tích thống kê dữ liệu nhiều biến (Multivariate Statistical Data Analysis)",4
11,CSC16004,"Thị giác máy tính (Computer Vision)",4
12,CSC16005,"Xử lý ảnh số và video số (Digital Image and Video Processing)",4
13,CSC16109,"Ứng dụng xử lý ảnh số và video số (Digital Image and Video Processing Applications)",4
14,BAA00102,"Kinh tế chính trị Mác - Lênin (Marxist-Leninist Political Economy)",2
# --- Học kỳ 9 ---
1,CSC10103,"Khởi nghiệp (Entrepreneurship)",3
2,CSC10107,"Thực tập thực tế (Practical Internship)",4
3,CSC15001,"An ninh máy tính (Computer Security)",4
4,CSC11002,"Hệ thống viễn thông (Telecommunication Systems)",4
5,CSC11116,"DevOps nâng cao (Advanced DevOps)",4
6,CSC11118,"Triển khai và vận hành điện toán đám mây (Cloud Computing Deployment and Operations)",4
7,CSC13003,"Kiểm thử phần mềm (Software Testing)",4
8,CSC13006,"Quản lý dự án phần mềm (Software Project Management)",4
9,CSC13112,"Thiết kế giao diện (Interface Design)",4
10,CSC15004,"Học thống kê (Statistical Learning)",4
11,CSC16105,"Truy vấn thông tin thị giác (Visual Information Retrieval)",4
12,CSC16106,"Nhập môn lập trình điều khiển thiết bị thông minh (Introduction to Smart Device Control Programming)",4
13,CSC14118,"Nhập môn dữ liệu lớn (Introduction to Big Data)",4
14,CSC17103,"Khai thác dữ liệu đồ thị (Graph Data Mining)",4
15,CSC14111,"Nhập môn thiết kế và phân tích giải thuật (Introduction to Algorithm Design and Analysis)",4
# --- Học kỳ 10 ---
1,CSC10204,"Thực tập dự án tốt nghiệp (Graduation Project Internship)",6
2,CSC10251,"Khóa luận tốt nghiệp (Graduation Thesis)",10
3,CSC10252,"Thực tập tốt nghiệp (Graduation Internship)",10
4,CSC15010,"Blockchain và ứng dụng (Blockchain and Applications)",4
5,CSC11112,"Chuyên đề Hệ thống phân tán (Topics in Distributed Systems)",4
6,CSC12107,"Hệ thống thông tin phục vụ trí tuệ kinh doanh (Information Systems for Business Intelligence)",4
7,CSC13114,"Phát triển ứng dụng web nâng cao (Advanced Web Application Development)",4
8,CSC15104,"An toàn và phục hồi dữ liệu (Data Safety and Recovery)",4
9,CSC15106,"Seminar Công nghệ tri thức (Knowledge Technology Seminar)",4
10,CSC16110,"Chuyên đề Đồ họa máy tính (Topics in Computer Graphics)",4
11,CSC11117,"Hệ điều hành Linux và ứng dụng (Linux Operating Systems and Applications)",4
12,CSC14120,"Lập trình song song (Parallel Programming)",4
13,CSC17001,"Phân tích dữ liệu thông minh (Intelligent Data Analysis)",4
14,CSC14117,"Nhập môn lập trình kết nối vạn vật (Introduction to IoT Programming)",4
15,CSC16002,"Phương pháp toán trong phân tích dữ liệu thị giác (Mathematical Methods in Visual Data Analysis)",4
16,CSC16114,"Học sâu trong thị giác máy tính (Deep Learning in Computer Vision)",4
17,BAA00103,"Chủ nghĩa xã hội khoa học (Scientific Socialism)",2
# --- Học kỳ 11 ---
1,CSC10204,"Thực tập dự án tốt nghiệp (Graduation Project Internship)",6
2,CSC10251,"Khóa luận tốt nghiệp (Graduation Thesis)",10
3,CSC10252,"Thực tập tốt nghiệp (Graduation Internship)",10
4,CSC11119,"Chuyên đề phân tích mạng (Topics in Network Analysis)",4
5,CSC12111,"Quản trị cơ sở dữ liệu hiện đại (Modern Database Administration)",4
6,CSC13116,"Đồ án Công nghệ phần mềm (Software Engineering Project)",4
7,CSC13118,"Phát triển ứng dụng cho thiết bị di động nâng cao (Advanced Mobile Application Development)",4
8,CSC14114,"Ứng dụng dữ liệu lớn (Big Data Applications)",4
9,CSC14115,"Khoa học dữ liệu ứng dụng (Applied Data Science)",4
10,CSC15201,"Đồ án Mã hóa ứng dụng và an ninh thông tin (Project in Applied Cryptography and Information Security)",4
11,CSC15202,"Đồ án tốt nghiệp hướng ứng dụng xử lý ngôn ngữ tự nhiên (Graduation Project in Applied NLP)",4
12,CSC17107,"Ứng dụng phân tích dữ liệu thông minh (Intelligent Data Analysis Applications)",4
13,CSC16111,"Chuyên đề Thị giác máy tính (Topics in Computer Vision)",4
14,CSC13101,"Các chủ đề nâng cao trong Công nghệ phần mềm (Advanced Topics in Software Engineering)",4
15,CSC17103,"Khai thác dữ liệu đồ thị (Graph Data Mining)",4
16,CSC14101,"Ẩn dữ liệu và chia sẻ thông tin (Data Hiding and Information Sharing)",4
17,CSC16113,"Thị giác máy tính ba chiều (3D Computer Vision)",4
18,CSC11106,"Truyền thông không dây (Wireless Communications)",4
19,BAA00104,"Lịch sử Đảng Cộng sản Việt Nam (History of the Communist Party of Vietnam)",2
# --- Học kỳ 12 ---
1,CSC10204,"Thực tập dự án tốt nghiệp (Graduation Project Internship)",6
2,CSC10251,"Khóa luận tốt nghiệp (Graduation Thesis)",10
3,CSC10252,"Thực tập tốt nghiệp (Graduation Internship)",10
4,CSC15010,"Blockchain và ứng dụng (Blockchain and Applications)",4
5,CSC13115,"Các công nghệ mới trong phát triển phần mềm (Emerging Technologies in Software Development)",4
6,CSC14115,"Khoa học dữ liệu ứng dụng (Applied Data Science)",4
7,CSC14116,"Lập trình song song ứng dụng (Applied Parallel Programming)",4
